path	bytes	sha256
.gitignore	29	60c9bdd905fcf45ac485c680d32e9773962cf061b6f041dcddd033911558a672
CHANGELOG.md	740	62fd343746e8bd2bfe9bec8b692705f426d8d4940d4ab1424771a07c9817b972
CURRENT_STATUS.md	749	741ee030e012f9314e535c9a2d1e21ae6afce3a7aa0de4b60bcfdd43ad71ea17
PACKAGE_CHECK.md	1026	bf7a93fa3ca47c0b1841dd3d63a0841a5167c2e930027b70745ca1599c733eb4
README.md	1858	274891d042d10cfab39dc8703707b0781784090f4a1ec9ab405a4c445c14b1f6
SITE_QA_REPORT.md	2125	4167f192e595026a3b297c51a3cd2f03412a63cf4124eb06c0f622a827b38d4c
assets/css/app.css	6451	3f65da4ef8257badc5293b79ed9b302ac504e544b68b99b1e78a08c484bee506
assets/js/chapters-page.js	5872	1d3eba88a5eac15831a23f02606cac882d53f7c9e1d42687089c0aee5ad81b12
assets/js/core.js	8384	d53e8fc3df07dfca9bd1b807dd44ee763be35e5765f795d67fc65164a9b3883b
assets/js/entity-page.js	6258	6a4f292091674fce354af17542780f471265621288435c46cff3d245e98e96d5
assets/js/home.js	2075	f19e5e0563ec1615453687d77910c156927e2bf8b6f27d56ab6d24cf7b23656a
assets/js/sources-page.js	1211	5a91021a6e81545f78fd4994c69e7dce84ea4fc5dc7d5caa4427b12d59895cbd
assets/js/status-page.js	1722	af759c98a0ab2b6b115cbc846cea5b44be8e64b0d355e2f3afe8f960a9331b84
assets/js/supplements-page.js	2246	d80108fe679f65f82f15b41afedc24ef60627f417a3734c31d73fa8aa2a56476
chapters.html	1545	5aaa8242c9f9741d682787807a62f5d1dadcc3ab59bfbe64b41ae55ae92413ec
characters.html	1586	533270ec39addf93af57268ff227d4aaa867fad362607fcec3cf615eefbc7b2b
data/generated/catalog-characters.js	139798	ecf3a61dc309db7df95f9794c819b60c4e0a04eb5684157f82c67a2b5b448a6b
data/generated/catalog-meta.js	1184	22fa26c98423a8c60ca725b538cc99f89cce8f0e5b42b4d3d91763790513f4fe
data/generated/catalog-supplements.js	46824	a836b5d1382cb68525a21bede892a96de1da87e14b2decdcaab81ec6879435ec
data/generated/catalog-techniques.js	142045	b42bdb69e2e3c93a50ecf9fc20e057648512054741ad16b530c6a2095731ee1c
data/generated/catalog-terms.js	128546	d7eeff61e378bdbf1d907425c9f603626a7973025112c804aeb88bc0abbefadd
data/generated/catalog.js	190000	1e6b8fce8a0ea8c2241c0ed4aba758b61f126868bcd88d0a6e07da143161dff8
data/generated/catalog.json	248434	8aa7d2a5d0eed6a33a9729106c5502d77701b9de11ce2fdd26b4c8bed81f5605
data/generated/chapters.json	1033453	f17e7c4bcb84749f26ffb6faebd5a34f46cdf0144ece2641dead96fc4fe4191e
data/generated/characters.json	174561	dac6e92ebfc5fd75327017def0e9a7150f71389b62c65f0c96d8ee85aab6163a
data/generated/details/chapters/bath-01.js	20796	e21cb48a6d62285df169daff8b5b40c5b9a6e0714f6793288b83ee52d2512b60
data/generated/details/chapters/cursed-womb-01.js	35800	779f5834241be5defe8de401021ed89cf22c262a279207412ae6f33fb4789d91
data/generated/details/chapters/cursed-womb-02.js	19059	ae8d8b4a5c440449958607184b35ca67161945f8f23ea9195b476e34231c69f0
data/generated/details/chapters/epilogue-main-01.js	13268	e7389532bcd7119e064f0d3d43531d0dca83103ce236e802d315d70e4a4e3c5c
data/generated/details/chapters/evening-festival-01.js	9189	2135dea73715f2ae7a77b62fd7f618ad59ea120949d301f9d1a661f79be7b2f4
data/generated/details/chapters/exchange-event-01.js	36490	56ba99efbfb67a910182bfbaf2f7841ced1d55e66e3325520b4d78a65d8c502b
data/generated/details/chapters/exchange-event-02.js	32248	996db43afa7122b5d423eaa59e87139bb1c0e70d7749d810c1f5aef0f7357d30
data/generated/details/chapters/finale-01.js	14752	f9716abf7fe5556374b40f3754fc7a8ec7e5872b6e31e0a3692b17128100323d
data/generated/details/chapters/hidden-inventory-01.js	34902	7cce7790d7714a2a9b9065b0246a6cc1374c66a24c62b2901beafde426ced0a4
data/generated/details/chapters/hidden-inventory-02.js	8949	f519cd4f27c5a983daa29f01040c37b0b9d9bea3339dd9b398c2701bb364ad3f
data/generated/details/chapters/junpei-01.js	30613	a8268283d922ebb9e7fd2194785deab00e8c770ff69aa457bda5ccffbdde8d98
data/generated/details/chapters/junpei-02.js	3109	02c2b6c3e1645da682d30a32cd4885378713a59576f814266f079043d20361af
data/generated/details/chapters/kenjaku-plan-01.js	34402	87c8edc4010a2e3c8347266e4f7d4667b93e1d9e7a5bb7b3d0aa2954359cf890
data/generated/details/chapters/meguna-01.js	11177	04969328bfa6b9fb1b02ee906e34db615f1223675c934510a1a47e1c70ad41e0
data/generated/details/chapters/origin-obedience-01.js	28988	40eca0261ca0c0eeae0a435c34cd8b3d83b900f7d90e3f7f64e5b363823af269
data/generated/details/chapters/post-shibuya-01.js	33871	8901eefdb5f568b091062e8ad6b41746c8d00c861f2376397658bd7708a82ce7
data/generated/details/chapters/post-shibuya-02.js	27144	880c0cc5f7377844aae58c296556b8f4adddf8f27df000083f3c38999b0d5989
data/generated/details/chapters/sakurajima-01.js	23879	e2f7b54b0348c1dda20f585d2ebf7737b4d6a7cd87b2cd83197409a8a2d14824
data/generated/details/chapters/sendai-01.js	19164	eb92312170e14e1ca52239c74a52c24070b1e5662affbe5bd1ac38f9f37e74bc
data/generated/details/chapters/shibuya-01.js	38159	3651474897dbe2b8c4f79f5a7f7477a62548d2b181960429413d243a5a0179d2
data/generated/details/chapters/shibuya-02.js	34425	3fa4e513cb8a65e5652be82365892a90f175820555874fc3d72a8950411f80a0
data/generated/details/chapters/shibuya-03.js	31756	de3754e9e66947f6739de4733a0d07e5945684a92832e10333786a455e8d2198
data/generated/details/chapters/shibuya-04.js	34971	9294570513f8941ab5d2046efff33ea4b6113e2b8c428729410fa04f4bc8ce76
data/generated/details/chapters/shibuya-05.js	21213	7cc3ef2f89c1a9ca9484c3bf3c289d379b37462f2bc9da5dc2d74a5207fa2f74
data/generated/details/chapters/shinjuku-gojo-01.js	46523	613d7494e40552c6dfa4bb260859c03fb067d63210149445c63f408cb5848d7e
data/generated/details/chapters/shinjuku-gojo-02.js	17210	1a510e4558f4c41bc3b76aa7d6196c69b7ad28714e144037e75b41c764f36bb1
data/generated/details/chapters/shinjuku-raid-01.js	44335	049a269d40d3e52b39b996ab5593de7d83d9a504dd5d9c91cbd7f4a83d0ef5cc
data/generated/details/chapters/shinjuku-raid-02.js	31741	6a51ff878505dd8c75989a0770345c4d6fd74e9d00d8559381d8d6f050a3796d
data/generated/details/chapters/takaba-kenjaku-01.js	14006	5b573bd9bcfe3ab6fcd0b6a9f57c9eb314fdf8abd0d8fd35a4fcabcddafa507a
data/generated/details/chapters/tokyo1-01.js	30753	aa7dabc416d77eb586ab636be02998ad5fb4e903a4248f2b67fae977b7c53360
data/generated/details/chapters/tokyo1-02.js	8410	c8a6cd8ea8e308abd6d48050d198701fd37efd674d11a1e8285309a5c5a4fdc8
data/generated/details/chapters/tokyo2-01.js	25634	160039146d2bb8cccca3b80ab228fa85eea8efc055821411917d7a631ec84dd5
data/generated/details/chapters/zero-01.js	13003	c732b67b62f2ce528cb09ea394079d75249a0b14d8b94b600bc0e0c122927d74
data/generated/details/characters/part-01.js	18646	d531df6e69804aa2e357086098cd00a512a08f451a6169435d2a1e98ca3748a1
data/generated/details/characters/part-02.js	23351	2ef5cec2f9926ccd29db5473c1b069e98661b62f239ba163cd31e8479ae991e9
data/generated/details/characters/part-03.js	18858	2a05c314414dd5059fb4a5e9d275710b2f175d52b67aac6ed27d9cd306ade9ae
data/generated/details/characters/part-04.js	19690	83ea42dd9035cde8874667ca07b603c8d288209b01148e196a0d1235064716a1
data/generated/details/characters/part-05.js	19150	9e316941aaee83f3afd2ede5092fa2afcf0f52f4a8859f25d4ca0153106c702d
data/generated/details/characters/part-06.js	22060	7ab7cf99a5e389dd546b514a5730ea81a56ddbd9cc7bf9c2996b44cbbc9d8efe
data/generated/details/characters/part-07.js	14390	fb5cfa591646650f7637a8aee39e57e43af866e5175ae5311fe8a2f99e205261
data/generated/details/techniques/part-01.js	19260	c8053653bbe59f0c4aa655a9bd0d666a15d2913fd8108cc6fff60e5e48fd18c9
data/generated/details/techniques/part-02.js	20278	f5cb219669778cf0f7c46399f0664a3677a1263469403f00e75f11c13107fee8
data/generated/details/techniques/part-03.js	19825	2694ff2cba9e43634479af710425143cdb18abeae1d41c7d3a44726e6493eddf
data/generated/details/techniques/part-04.js	19786	1ba20bf78263edc47d0968f981d6c25a88b9b66d2b155eecf0cf651d3117a5f0
data/generated/details/techniques/part-05.js	19837	580e58ed0a6de75643436a8a723c72a41e84d1d913eb168f2da836c197729d7d
data/generated/details/techniques/part-06.js	19640	e95b02198f15dc1e729f2f594211493eb8c1382171da8a7bbaa2ad8f2989a792
data/generated/details/techniques/part-07.js	8069	37897ac2ec9c1054bedbf9c127785cea5cfc0d88199d662d2379683da46d8ac5
data/generated/details/terms/part-01.js	14213	96cfa474507a958962c8c708728bab04b8b5d8bd87ee4c3e97c63b0534543de3
data/generated/details/terms/part-02.js	14519	cf19b23fc22d0f350ef6b1212780d4942de803920223dadbd0e35b7e67dde759
data/generated/details/terms/part-03.js	14055	3cd81f76f120099023bdc1c889b368a124931181a81265c5e6ef249e77404576
data/generated/details/terms/part-04.js	14196	94d83f937610589b032533b1e0abbb8b0d3a19bfa4602aa15ea7028dbe861aff
data/generated/details/terms/part-05.js	14259	981cc3983e74727b44df30f0f174c64c7eb50faa18dda30efc6d1ec6999ada56
data/generated/details/terms/part-06.js	13835	79e53646be64f1d89de1ecc6cc2d5a7b137b8838d8333087e03f822d86a4f958
data/generated/details/terms/part-07.js	2965	a0131f1ff096e4f23bcf95b6676b8578d02943904cf7fc8e5e67e471004d1ec6
data/generated/sources.js	43043	f414de0e30c10447c9493df413137977a5faffb961f023eebbb7ffcabb525dd0
data/generated/sources.json	52029	bc65ac0468e71b013ac22aca9d4dac090421b4172cc47baa7c280d700a3cd003
data/generated/supplements.js	2516	7a2325deffe10944565df12c3ed59eef2ab14311b434e0d9713d6b3df4c12f03
data/generated/supplements.json	2897	3901b7450e09eb2da1c1731508ac181417dfc3f77dad30bfbf0b0723556de0d2
data/generated/techniques.json	160353	bb4561d1deca5bc959f39e637b2658146fac43d49b407158f6b7b355df0302eb
data/generated/terms.json	102938	fe1a5217b481511d32406408d3df4490d3be22d3c52a148ad68998ef7d74c153
data/source/arcs.json	4953	a01832277c2fcef5b7d672b9b49b4ce8190543cfe52a8add1a16fd7c62308291
data/source/chapters/ch-001.json	11205	ebea3fc968e47b76e7bebe5eff4f311f3725c0cf406b7e2ce3fa36b04b4a182d
data/source/chapters/ch-002.json	6715	5ddb9f7f3abdf8f58d027e07b292c336d1d3e8c2ac3da78ef8ceb249067cee16
data/source/chapters/ch-003.json	7390	83e4d5ec052e0fea34498ef21c9348a878563c2b92189792f9521ff0635e0063
data/source/chapters/ch-004.json	5746	569a8723b1b6c74fe6ac4e89f8a1ec2c7ed2b5d7a2e6d5dd4ae0326f38fa399b
data/source/chapters/ch-005.json	6005	c7e7dcf7bdb8a22dc44c8fd008f8e440090c13ce11c463189a285ed6cf653090
data/source/chapters/ch-006.json	7128	d716b0ee30bcc3147f3d428fe33e0052de66b6a0044a1067e3ccc9ed16a439b8
data/source/chapters/ch-007.json	7176	1497f6d0f849ce3aea2245be6ee192f1cca4bb1836f6233c2046d4a764539534
data/source/chapters/ch-008.json	6429	955d303f472ae3efb53e124f082cab740b5f942f5175ed9bd6db0861fdf97cd3
data/source/chapters/ch-009.json	5661	515bfc7ea5d2ac50ef7c3001e8dfed82a5d4b3f8bb2c5eedfe1f9fa8d9d2ea72
data/source/chapters/ch-010.json	7863	590b47dd48984411bf9129697691138e60f4d5de5c21c4a5fbd20ae1e40fc52b
data/source/chapters/ch-011.json	7212	97e16e8ceb1d8a6d56f5616629a00556e58e9ad09ab095ce212c042ef45836d5
data/source/chapters/ch-012.json	7661	5ea50a74df9bfa7a8e70a2e82d718df34b327ad5e260a84adc85d660fec0304b
data/source/chapters/ch-013.json	7018	7c0006c36d60fc8d4fbef39c72e0a60d1338a5b664f15135bfe3874639bc8123
data/source/chapters/ch-014.json	6295	79487444c859049a4c082be29fd25dbe322fb7c85dd05013005f4276b3d3325b
data/source/chapters/ch-015.json	7077	af6269f4497e641fb1c02f5c4032892fd6345b553a210c02b51dbbe9f22d8158
data/source/chapters/ch-016.json	8018	18f9f6402eacda63fd5be3248f6bf65433d4386319951eda83b66bcb169c21e3
data/source/chapters/ch-017.json	8626	43662f1429a8ae8e00339cae792646f47f7d2f505662eb62452c9f2db8053cff
data/source/chapters/ch-018.json	8179	4c5572693eed10326bebd1f2f18629fe4b6608f1439e202f96bca1d8bf73c368
data/source/chapters/ch-019.json	7378	5450b86589ee21ee7edf0725dfcb73b2c4c58aefdc7afab86413b2b7694489a5
data/source/chapters/ch-020.json	7474	a0af72c1640fcd4f76185c5acd9fd524878ad47f10e837efaa01baec0cbfe354
data/source/chapters/ch-021.json	7860	1011d09641dbeb14d589239b5dc67fe23f42f2823a6355a19c1023d114bddd6c
data/source/chapters/ch-022.json	7337	df15d9abd6f9d98575d9e022c4a53409b38518a59f7e0774dd591310d61eed42
data/source/chapters/ch-023.json	7581	27c95f0edd0eac874cd5ee6820733913bbcbf248f053deabc2e23778dd9959e2
data/source/chapters/ch-024.json	7177	0f10c05a4571b5425f71abea95709a5a2bd45df10c6fcf0917e56a8b24fcee6b
data/source/chapters/ch-025.json	6697	06e58f685af8ce43bd6fcb8b6314d5494f864a5641c9357c3e20d492485fcd2a
data/source/chapters/ch-026.json	7887	9f8af87649aa5a8b749b65a572a8af2e904200956441828d5cac1f8b12d08f3c
data/source/chapters/ch-027.json	6974	b4665821802a31c58f32ec88129909df9ccbb3b15162653f58b517a972475015
data/source/chapters/ch-028.json	6956	3693b4d4197623bc6c9d1071ea250a07d386340863c33ee7f74f7f4aa4b356cf
data/source/chapters/ch-029.json	7045	83e62f482ce97a25122311f32d4a106b733e1e78ef26ccad6012a63b72a0b40f
data/source/chapters/ch-030.json	7371	1483ab3a9bc56659e9d6252325a1c50dde5ab84926449505ec0612c48dc9aec2
data/source/chapters/ch-031.json	7709	03a9cb44d8c9d04b3a395e453d24fa012582bf4fe3036357090f75a327cdfb64
data/source/chapters/ch-032.json	9012	ccfbac0753fe13a0644c06f2036f65bc4c0eb119cd0d5b3db7e643ce5c7feec2
data/source/chapters/ch-033.json	9159	b382a5d3d2c7ed6b397ea1f52d69c984ade2cbb36ae2491ce7c473574b9d280f
data/source/chapters/ch-034.json	7779	5b06ecf16beff887ec99caf7a654d56a955cf5b18d2e1ef3bf69b8a6a1675c0f
data/source/chapters/ch-035.json	6804	10d4038c898e1d874d3e5f87bb216d8f3420638936f4c2b3f944eb04c7e56f57
data/source/chapters/ch-036.json	8247	7040854c3533424502ded55a8086a0e7fe87da2a129de86a6ae2bfcf20abd405
data/source/chapters/ch-037.json	7549	49dc624c322b6e81262eeeaff1da44c0ac4bd7547afb7aeb76dbad6526bcf5d4
data/source/chapters/ch-038.json	6968	bfb00ceeec037215a875d5af41b48cb02c17bf1496ec88ed0370835540186b1c
data/source/chapters/ch-039.json	8053	cf797e07feb721816d8d3927bae0d6a7fc3728276c0990461ba2f718203c9f22
data/source/chapters/ch-040.json	7837	6384294af452c0afb838c851e53a39f44bd77882198cc78ae4b98c049a84c9ee
data/source/chapters/ch-041.json	7470	62019e6bcb1b4b193a0eb673f5901006f3b231bce26601975f23016afd11c9b6
data/source/chapters/ch-042.json	7674	c6d1cfe98b14ed17f090de8173b02af9f2dff939960bd907d7431eaed5d5abec
data/source/chapters/ch-043.json	8421	c4e7ed6fad20c531f6643283a0c638c7dfb8c7c3faa6cf0e52e6f2ee198e41ef
data/source/chapters/ch-044.json	7997	e1bb5bb549f4378205bff439ebea1e862ee24670dbe5eb33237b1314ae922a9f
data/source/chapters/ch-045.json	7744	3e8c27d4a7800b2ac35a17f1ed2edea4e6c652ee9aaaeda30eb4df2b3fa2fb8b
data/source/chapters/ch-046.json	8737	2056cbb3a87f1fb8970c52d6c2bfa91db66d5e63a6c8d1f719df12ef4a8dc759
data/source/chapters/ch-047.json	6989	f2bb23a7fc2c1b0febd5f405404c1d0dd8ebfc445dd8c04e48c6235c81e02050
data/source/chapters/ch-048.json	7269	89c02d80dca75dbd2beebe17a27e652a68e3a646d2951e42c6ddebf2915f2395
data/source/chapters/ch-049.json	6818	c8338d49d5488457de755bb0fcf44a204d8272d73381e405a757c823dc79354a
data/source/chapters/ch-050.json	6747	8c101561375f2da186ebbdb5b4e69abe22cf060a27b6bd77793007b7319a9967
data/source/chapters/ch-051.json	6571	20616d034790f6558f5eeb4351347f362db4d1d740a87f4db9f8aaa155a760e2
data/source/chapters/ch-052.json	8017	89d27178b91a1cc9458ce2b2180c7e866ae0120692921eb1a17acec255f15318
data/source/chapters/ch-053.json	9326	042a802d2936127f3a424541a3515a143b5f479ea4c971e2cecb19c9750fde09
data/source/chapters/ch-054.json	7814	0a6e4396a8b5ae6b1d73b312fbc2030ffaa31c2a670e2607fe9f2c2dce2c072e
data/source/chapters/ch-055.json	9263	0357e340cf30aef9c770acde66d24b0902246ef932869d912084361131b952ec
data/source/chapters/ch-056.json	7790	dc7985f22ae78c3da759fe90588bc700ed80c8de69be95e8722e7d55a4b56be5
data/source/chapters/ch-057.json	7220	1d6afff29d2940b08c08f75efed0c1aee4a01132fb1b8b11508b7458e3ca32ce
data/source/chapters/ch-058.json	8075	d424dc997897d5bd0a603e9625484c16ad15f6a10a0e3940f27660865ed3a7b0
data/source/chapters/ch-059.json	7880	59f827d741fd02db6b9fce46e577332111283063ad1b59ca24e6b753b86c55dd
data/source/chapters/ch-060.json	8180	e3c0293ece91aa5678a05d30c277d3d8201a63d41ccd65cdb08471f1b14b83f8
data/source/chapters/ch-061.json	7722	1b7a6bb8e7cf9da388ea2b81d07dedb542e439c46ca2a6f386d40373d57202d0
data/source/chapters/ch-062.json	6578	0f4cc43a231fae4411d498e6a9bc36e29813502354965ed88510000b27a16cbd
data/source/chapters/ch-063.json	8161	f9f3f6d115350ed3da8c0f98148c8d0c0598405bedfcf534215d9e56ae79625b
data/source/chapters/ch-064.json	7127	8e964e4b9c5d39964ff49373bc520715cf9c38f9eda1740fde0131eb28b97f1d
data/source/chapters/ch-065.json	7841	4f03b097114fa16818b87d5e53faf04f291f9975c4e844c236941650c7976f00
data/source/chapters/ch-066.json	8527	e5e73d00b950b60039e56a4ca2edad01c9a955a399d2a043f9e486a500000a57
data/source/chapters/ch-067.json	7148	8edb66575a91c10c7320ec9bc8aee6ed4dfb40b99ed883186a1d8ad74b439840
data/source/chapters/ch-068.json	8317	abf1bfa4f542f01283f30e99cc8669e7e1e2301f64e02a987092d47a276feec7
data/source/chapters/ch-069.json	7666	205df347101c5421482d22839e2885bc4acdc77b6212b834f19f7326fc9e3fa9
data/source/chapters/ch-070.json	7307	e38b7130d5707afe21488f40031fbc1d3e73965936fed70b610d769ccb8afb9e
data/source/chapters/ch-071.json	8278	2261766e39898a8b0c50633e11d4b81ac0ac5fe8de3c9f742a2206b01187b102
data/source/chapters/ch-072.json	5814	4324c9ccbf8ad7628f68c06e6f1c32e8da6c75d5a3ddb83ac77deea460380cf1
data/source/chapters/ch-073.json	7782	71bd3e0cf35f43fca783b02eba880936df1cba28c118864f8cd715d9fb94a20e
data/source/chapters/ch-074.json	7370	449b9ca31e314061193e420655b555a7d2170dfcbdf4f15dd9c32cd2f76feab9
data/source/chapters/ch-075.json	7306	bb1d75615ad0bd7f88c9a480b4874ddb7a01a6230434e1e0a0f73808e6c242f9
data/source/chapters/ch-076.json	7934	9a3bf7464ef7a4cf1e8891e7803057fdadc7b82c3ef2e803cac42fa598dc5555
data/source/chapters/ch-077.json	9175	0fc1e167fc0b5c66bf07011faa2eabe36bff44f8613dc35d37258acdccffef51
data/source/chapters/ch-078.json	6853	26a8292ea8512e53baf447c6f1d48db0e15707578868019392bceba9389d01ea
data/source/chapters/ch-079.json	8554	994e5e8af74f9f9063361754beb7e7c833d71e97fc54a79e2bb085c5c8078770
data/source/chapters/ch-080.json	6758	dc58d0441dade22362a71b7f461131890d14be355ab88aac3f613bca091ba629
data/source/chapters/ch-081.json	7527	bbc86d8bbb51658ebdd941a437188a48e168ecb689199172392b24addc96abde
data/source/chapters/ch-082.json	7608	e3975ee57b5308f001b64e12133ca8fed201c1a9a6d8c73cb43bddb977fa0a55
data/source/chapters/ch-083.json	11053	565290c4a0d1ab32606176576a054753506d090ab9418060b8ac97762c0a64d2
data/source/chapters/ch-084.json	7897	06410ff475477dfd6c4958ad6b8778f034f945c63addfa5aa50beb06acc34366
data/source/chapters/ch-085.json	8217	01106b7a7c58c8038a0230cb5071921f4b7d24593cea5a5c01423630b4984fff
data/source/chapters/ch-086.json	7760	f83a5dd2ac888e3630f9477c5443c670d1e98a918b9e16a4fbd01533e8094786
data/source/chapters/ch-087.json	6588	108f5cc8c5439a12e3e57652130e2fb942dd1e9ff37a2271188f015f0373ba44
data/source/chapters/ch-088.json	8289	93606732055af55b02a1487b9632a548b4b22cf7c76b2217c2a206344ca01267
data/source/chapters/ch-089.json	8389	a3d3b2512ff96b540e43878470820968c0a6cb4be78be08f322e154549f8ebf0
data/source/chapters/ch-090.json	8383	6d86fc52713f2c108b9b983acc147b2e87a7fc0419949ac7a8a80bce63ef8949
data/source/chapters/ch-091.json	8836	b3d48e6d1726812297b798e767ee2316097912b19607642817cfbf2ca711c533
data/source/chapters/ch-092.json	11050	55d7ffb5b787b8f898cffe2e09535d0690594439c1d3f7a9988c9157170af655
data/source/chapters/ch-093.json	11163	ef204a777649149dbf0e404c7a43230ddbb8ee571e7c37daf922d8c4fe21247c
data/source/chapters/ch-094.json	8444	ed4daa2a246ed681b9e80848d1ab9147d616637beb160a485a166a955ee3d0c1
data/source/chapters/ch-095.json	9069	3cf157924f3014df6e93aab5522c1b42a0897b303236735f15bab7cc0943415e
data/source/chapters/ch-096.json	7676	71b8f42f987a9a715f130df6559c5721640cb408eb434b4c4193e4423297f99f
data/source/chapters/ch-097.json	9557	ef22faea059963c320296892d312925a4796ef0b55e925237b3f3319dbd2cb55
data/source/chapters/ch-098.json	10606	62149d6d5c78455aa295f98aa7547a8f8bf573084b56bbe5a43644993126ef82
data/source/chapters/ch-099.json	8119	d82c74863eba1525901370769a0449a0651d9ae724d6549f1baef7ba5c407815
data/source/chapters/ch-100.json	8031	e09ef0f76153c6a1e28fa6898ef7b31198a4c9c835cc58aabf48b3fe7e7e5cc3
data/source/chapters/ch-101.json	8759	f73903c5004f3d3e442b1da2eb806f94b0dcc9cffccf70499bda7c94836bd357
data/source/chapters/ch-102.json	9293	f117009781b158e6724dbc17703641a42b0e21411224cf960e9891b3772b5e78
data/source/chapters/ch-103.json	6948	4c720b0e474f0b43a6ba6cc5d2ef1d7450512c63891b7eb546545a63c1bb8f5d
data/source/chapters/ch-104.json	7432	ab85f6a716317abd1d79dc8554abd34c5b9814b12633ac077fe5aa96597bf4f6
data/source/chapters/ch-105.json	7504	c1df4c5f6f7e8e2f3c1e456bcb1af67a452bc231a19999683d21021868cd3a88
data/source/chapters/ch-106.json	8332	c0c7ee7bbac8eeb6d1c951176219cce7f818f900aeaee79e2e944db693345a33
data/source/chapters/ch-107.json	7875	c01250d0c0e6c30da991c21a142604a91ef570e5a66502fa4caf1bf8ee0c4046
data/source/chapters/ch-108.json	7803	c2200202c9b47be807a603209802884008fa9d98d91c1a8ff8f44831a895e96b
data/source/chapters/ch-109.json	8310	c56c12927f511722f783a6d737d8370e04c90c65aa8fb36f5d746822b60728ed
data/source/chapters/ch-110.json	8393	032aeb90bafdfb25d5fe57cbd13fd3aae8c42b5a660aaa6603c26137051c43fc
data/source/chapters/ch-111.json	9478	1e8e158995d22877cd03a50676eb71bec33243de4ade834f9b27ca3c464fda28
data/source/chapters/ch-112.json	8398	990d8f016cfc401248a012d934aac2d1f95117b3d5db4eff6b7b542e2596c1ec
data/source/chapters/ch-113.json	8197	920c5250359dd0fedbac2ee9c2b9c1acf3318bd5984c4864c1a4fc8ac90bbdd9
data/source/chapters/ch-114.json	9210	8be3323909f8bffe70727c1fe9d4ebeadaacf27d9f0d4f91f9bebd52fc532f67
data/source/chapters/ch-115.json	8560	bb29bda6bad39e1b6f29dea5058f1d6b9645345fed406175d8e771cf58e67d07
data/source/chapters/ch-116.json	6779	94401e95a5ba3e3b8d7654df1058829ce9ecab1c34bb9b8577095b33d7b668e3
data/source/chapters/ch-117.json	9298	08370403019f9621e8670b6daaecc1911adbdbdb35d0b2bf87220328f71230da
data/source/chapters/ch-118.json	7516	2c743f37cd96dd2b02bd101c15d379496b19e2353b7806883bea3d1f981570ab
data/source/chapters/ch-119.json	9121	73376790a4732553b8274bbecc0b751b90b3ca837f6fed7e5f4c95c3a51cd40e
data/source/chapters/ch-120.json	9785	ad3b39c61a8983cda183c001442675844b43fd5b878b860adb75234225461300
data/source/chapters/ch-121.json	7633	b1235b1dc87bb0d8296ba006b906b8be23411f39197253fe37b95bcf6d0d84a2
data/source/chapters/ch-122.json	7539	3de59cc100bd56ccc76fc46edab09d6ed709a8f3d97bb21f8e3847759f70b576
data/source/chapters/ch-123.json	8293	f1897be7a9c830bcc2a0cd473a009dd6397e9c24bdb0d2aa10a56d5b525dee49
data/source/chapters/ch-124.json	6995	28b1f269b0fad1c6bacbd07b335dd99d98de2f373a1c87f179345c60b42a0bb7
data/source/chapters/ch-125.json	8853	4688a7fc66285aa1924b612abf3c04c5ec9662c323fa8e6f87d3ad56e460ff4f
data/source/chapters/ch-126.json	8784	7742b1070aca1eeb3aefd0b93d0ead410ef2d3d2d6e837ded02ec5314e77b81d
data/source/chapters/ch-127.json	9195	4f34de84d5860288902ee78fd2c53a7848cfb4d6e5341e51e660d23e0125be09
data/source/chapters/ch-128.json	9514	3646750d3b0c74018f7ca414beb4ad4b0bba9e165868ac54e19bfccd113caa94
data/source/chapters/ch-129.json	7836	c93ff8053b9360fb523d2f1971c51ac9622119a277b7739071ce8476b8ae11b2
data/source/chapters/ch-130.json	9003	9270e77993ee4f6e8c7fce68c2fa80342969f9c672223e5d9af807f09bd55d41
data/source/chapters/ch-131.json	7124	4a7de8b0b295b8bd21a747814ea424dd09549f28f0fb3439537b528ba4ba428b
data/source/chapters/ch-132.json	8090	e3ebf13efc0645b922dc2187560d617a5f30cffb2143fb51be024779fd7311f0
data/source/chapters/ch-133.json	11016	b69cebf773162e1968feef9f49e1a973378071e0cce78c915bd59cab7ae34c62
data/source/chapters/ch-134.json	11447	0ec693b17f640213ebfc65d49bbb05b99ae534e320aecf075cd4d136c11818b7
data/source/chapters/ch-135.json	11712	099d4f0eba8d2f02c3d5e99c600f697cf700164f622b429ae9c89caf53f9f0ca
data/source/chapters/ch-136.json	12684	bf5b0ef347088ba66c1d8b62b31b47d214e854aab2a25fb974e824217d7857a4
data/source/chapters/ch-137.json	8274	e90ad2c825669a86919c88c7b5e4d7868a23e903b10e45ba6929407912cc6a7e
data/source/chapters/ch-138.json	7611	86ad658a4b621d00a05895f15cc841a63f382e3e993b6156a3ac4d36f2e18512
data/source/chapters/ch-139.json	6827	d71a8072f8fb7eeab1de59f5ffd5cafb08377ecb504ed27e10867a7b967fe146
data/source/chapters/ch-140.json	8554	3b0b2c6423f49592d9564ceaf4ab6d09134e5adecc234953105faef70cb9b98c
data/source/chapters/ch-141.json	8099	dfe9cd2d5675a407b6b66f45693c7f23b048a89e06cb67597353f6f3c7c9a2f7
data/source/chapters/ch-142.json	8788	0824c9787c9c55ae48956278d6dc64340817badf89c518cc4419267a43431f46
data/source/chapters/ch-143.json	10618	c8e4ef07ef6a40ce2420546e79cd2329fe09cb7f7b7667004ac1e1c2b09b6604
data/source/chapters/ch-144.json	10060	67ded0ef16e02d77c1e05262efa694d55688ff1575c4747e3b2164010a2e6145
data/source/chapters/ch-145.json	12468	972433660115fd575b656c5baa187274568ea0e862b9f08166c90a2e14c91255
data/source/chapters/ch-146.json	12207	4c5ad5e88540d0eb32f98b373d14f6222e8e2df6257104575e7f1bf5a3a6438d
data/source/chapters/ch-147.json	10252	364ed6608a178dd0c42a07642252895a70b12e422e58cdade899ecadfddd5f9a
data/source/chapters/ch-148.json	10747	652eeaa02481ea6fef6a38b1b623295cb6fc27460ed68ffdde8c1a05b7b996ad
data/source/chapters/ch-149.json	9757	c8e09fd379bc51770272ce0e2b76293601a79308f3da9d1846dea630aaba8603
data/source/chapters/ch-150.json	8896	f7350c6658a79a01ef30c821a86f140816641d942226f89c26bfd9e05857e8d1
data/source/chapters/ch-151.json	7996	cfc6af7d7e1311ecf9624b0f3a810ba8cbbffe18975fc59fe2bed89f320b38ac
data/source/chapters/ch-152.json	6299	975849980a0ba5deb17f03987c4b78ab8df6f5a45f199ad323aae5688ecd6335
data/source/chapters/ch-153.json	12137	e4f0194142c863329f67a4da60fea1167655bf3182208bab673688c36c1dfe53
data/source/chapters/ch-154.json	9513	5befd4e48737478eff98e140b7fcde178a26cff26a1f7a8c16f14d368356c0a6
data/source/chapters/ch-155.json	9035	4a1d71d0676aef1ed1c733db88155e740b5e8a75e96a5c64be9cf52675e65385
data/source/chapters/ch-156.json	11628	2d74893c66cbf1d7850420a6097d2378913033287e3502067685a08d266bdfa5
data/source/chapters/ch-157.json	9602	e2941770cd51569fa859dcecf572e91a40a3c12268b292d947d7f7bec8841b17
data/source/chapters/ch-158.json	9570	b994c955263709ed61bd83278b7869aacf67c3925bd187981b48f94e5edf24c8
data/source/chapters/ch-159.json	10796	5a6dce9099d4d4e4aafb380398e80c1eb0a60e56f0bfe62fe5ccd1110ba83bd9
data/source/chapters/ch-160.json	8816	854d6dcecba148a4b44eb4c0c6bce092d3bd9884ebd2ba7aa31289bd961e6c17
data/source/chapters/ch-161.json	9743	56ae6dfcb14b5bc41419faa75f0baabbea9f83aada4b541425f4d459ff347c9e
data/source/chapters/ch-162.json	8975	640f939f5107e7730689af83eee645418994ca14562d329d1641d370561c2585
data/source/chapters/ch-163.json	9899	557ed8f98b76834e24818b75c3a0411ec19aff6847d959958abaf73cddba040e
data/source/chapters/ch-164.json	10220	ec19ecc5f8c7df5a9a78a8efa9e9a1ac371a0fabc29c64b8d019061999d3d39f
data/source/chapters/ch-165.json	8803	03dfa1fbc060ba2d4494461a014588dc8e33f64bbdebcf1c2c8f3a05358aed81
data/source/chapters/ch-166.json	7510	d9ea14bf1bdb8514707f128acde7a7cf779611c2285f073de7d13f3de1117180
data/source/chapters/ch-167.json	10488	88eae73b8ef8a05736fd2a08b3ed30b336d831499147973329f22063ab5c20ea
data/source/chapters/ch-168.json	9359	f214fb44c21bd1df7e2a7419011d4f28db4e32f3ad987a6b20016e8c3454ad01
data/source/chapters/ch-169.json	7968	0a8fee3ff930ea747ba4b4a128d5d8463e5a69f41987db618c2d1d1091660b0e
data/source/chapters/ch-170.json	9031	87513a414742a48b5ba8b24e539b993b01a2818a44c4f6281f5a1978359d856f
data/source/chapters/ch-171.json	8814	567b98bfc90a8553f47d6ef987f112684a9f4e5e76bb085153d531625445f8b0
data/source/chapters/ch-172.json	9526	de20bedbd8cdeb341f6329aafc7373f10b92af38fefd12ba6f4fae07c319dbb4
data/source/chapters/ch-173.json	10950	36285998bcdde0c7306d41e8e1565c6b8e993e7b4e45a8d718982a300b2a53dd
data/source/chapters/ch-174.json	9709	c3bf922a124732e3de556bc66070f5957d85a6f1f4deb98b87ba4ff53b3c6f16
data/source/chapters/ch-175.json	8706	184760fd2baa48e89d57cd17acc35571154d39ebf1dfb221f13ad76992636b3e
data/source/chapters/ch-176.json	8265	22d06650374f0fd792fe7ae3d87047bb34bf96742abe102dcc550fc5f8e95279
data/source/chapters/ch-177.json	8403	63dcf085356df7aebf4d1e525fe7d31eeeb13bb39edc50e648cb91b6a41bd582
data/source/chapters/ch-178.json	9312	b6c286aafb7a9e5b9f76dcc056b35b26cfbc5c419c59bf33db3d83fb70100301
data/source/chapters/ch-179.json	8065	636ec9685a0d41641a7ef5563aa19d2961721bbd029aa4c546fd4bd401979d4a
data/source/chapters/ch-180.json	8342	dc62d06149dd9b4fb70e0f700e7ee9bfc79db35e0ea3bb5a4951b24c38cabfdd
data/source/chapters/ch-181.json	10242	e6e7a256f972e6bb18200fdaad32a346b180e86f2bc15957dda6f7779aa4e23d
data/source/chapters/ch-182.json	8230	3f7157879530446a0af076b3756cfda9d046bb000e060762ca8458ced1c7d17e
data/source/chapters/ch-183.json	8356	fce1087cbe55fd9c3881136dc01e515ef55eeb255a208f0ba5460b1fd721035a
data/source/chapters/ch-184.json	8257	5359586d3205b53ac890929872e90c408854d46b8a88b7060ae29cc8b653361a
data/source/chapters/ch-185.json	7204	fea8854d556c5e577d1807a88aa46387439cc122d11c99e78dbfef215a7171ec
data/source/chapters/ch-186.json	7583	bd7f8361c6045fe84204465019ca762fbd0b45cd063d3420284ee7d578741ab5
data/source/chapters/ch-187.json	8017	4ac2a76edb2a072a9b3445c58248a3ca87cc512f918a8e386d981ff21075fee2
data/source/chapters/ch-188.json	6259	39b0b0f5e42c81fd063b40b2d324b544b75c6f95cb506e5933de502510c162cf
data/source/chapters/ch-189.json	8049	2b238a3097d3093596304051e62c8fb9c2ff48c44c4201e79b036aea1367b491
data/source/chapters/ch-190.json	9147	37a8ab394f5355446325c7b68cd657992849ae50a9a715038750386b495e26cc
data/source/chapters/ch-191.json	8083	a805b292a672fef3a1e4230dc6af03c15c2bebe48974a82b729a5119290fc449
data/source/chapters/ch-192.json	7068	0561bab3e454895b7968338cd8d29d239680932b59d42160bbe92fea9ac5de97
data/source/chapters/ch-193.json	6902	b44ac159666a9042ea661b64bebe5efc87222fef04d1ec9cc4301a9c84c760f9
data/source/chapters/ch-194.json	7195	20d6b826c024783f2eddc861a6a6021ad1f3c76388840ec79e66c53b62382e46
data/source/chapters/ch-195.json	6922	4fde42c8985d3e471165575db60676e34e743a999054e21a93b837ffa5bb3792
data/source/chapters/ch-196.json	6681	f3a13b8a0d72c42997d808376f60081c8ee4c0919078a8397ebcf2417ef5ce60
data/source/chapters/ch-197.json	6416	315166096482267c21f1d158180cdec9939c3d5dc78e8a9a1c6300ba9e22f39c
data/source/chapters/ch-198.json	7061	4aefd56cb8d9f229c1a412e40b08c9528c950dbdb206204fa0d48762e5f3322e
data/source/chapters/ch-199.json	9167	ca4d4f9b7bc04620879a498dd77a923c9e11ffb875e62304052866600e171a35
data/source/chapters/ch-200.json	8544	2eacf8f3d31f59e249363e6ac9dfaae777adc357b5ef0800b56bb958d303b317
data/source/chapters/ch-201.json	7057	f3eec73e897f439e1d92e10cc78b760e5d77a3b6e4a55e2f5d084a513f437002
data/source/chapters/ch-202.json	8057	96167793693da79792174102a9fb916a30d119bdf3b5f714aaa66ac7f002192e
data/source/chapters/ch-203.json	8505	42e94678d57e16ed0f6221c0844df1f5031240992c39b5787a6f33a9ccd8843f
data/source/chapters/ch-204.json	7621	34c7852a1a0309bacbb36e518b34e8ec6b654e5753e28a77e30fa881d462a25b
data/source/chapters/ch-205.json	7879	36695b9ec4331d1fa57b19033355e7c55e9aac466c2367b24f15a91a4eb646c7
data/source/chapters/ch-206.json	8497	ca5c41dffd10f735e4c9897ae36bbcdd258858994340869c7a6ac4d8a32e5a45
data/source/chapters/ch-207.json	8717	0d8c126989be1a47be129a168b5e1f6500f474bece1a3311d776dc4e83f00184
data/source/chapters/ch-208.json	9000	de790dc9def4744e9177943099aeaacbc8e17f525923d6e6e7a9cd29bbc9bb7c
data/source/chapters/ch-209.json	8925	64a81cea59cb7ae061d0f051dff3ea4b880205c3c05fdb79de27de52dda96350
data/source/chapters/ch-210.json	8077	2dbf2145870a378fc13d3299b09dbb80d58ca0190cff87ce4f22b08c7156560c
data/source/chapters/ch-211.json	9483	a474d3e7d7823d1a3b23f8b7ecb4d3e620b2fb351a7ecfbb23a8871c2c668227
data/source/chapters/ch-212.json	7350	99f88bdb08e1793a9f7c8d939d8db928298e4b3263f0cce4895754d5c757936e
data/source/chapters/ch-213.json	7672	70079334903fe6e6eb540982e59b9b1d5f8a46c975d54d4a541e5f2f2f4de03a
data/source/chapters/ch-214.json	6337	a58a01a24debc426703c4472e590908e6edeab60bb2542afc8409e9b050ed515
data/source/chapters/ch-215.json	8776	57b08b2a0e716d68d704672fd873a49a3ebf7cb75a9453ae6cbc1da7c41b5d5b
data/source/chapters/ch-216.json	8123	4e9cf1edf6bc829faa5f39ad7235844d8e405646732079be2728f27a368315d3
data/source/chapters/ch-217.json	7813	9710ab20b5d13091a4cfb1dfb2df5116a11979e308bc8228c24c9c8c47992223
data/source/chapters/ch-218.json	8716	cd51f6da7e7a80a885aa2084814bf4d99dedd9d59c3d4848d84e03fd4f6ab525
data/source/chapters/ch-219.json	7475	db482934175ed1bc3f3c818799a71b3d3bb70d2d4a4b99109db329bcca8b4ace
data/source/chapters/ch-220.json	11758	488d1e4d2e2a940868ca3d5c817ca33863a2657aa4ad4f07e1bee51f24033c61
data/source/chapters/ch-221.json	10166	db170f3deb2eb44b4abee0c577ab7d1e118094f2579e75dc4f6ec542c312e5e4
data/source/chapters/ch-222.json	12632	3f3a62006cf7ed9b4c127b5d1e4750fed9a909911ef16e01f3f42599ac52588f
data/source/chapters/ch-223.json	8249	11f5d90120b153bed789a09baf2d2866dd8d284c92b632ecbf2d641770914a89
data/source/chapters/ch-224.json	7244	931f3933b047677d5eb3430b91bfa0c5538e552e078e197db4b9f5aaae824534
data/source/chapters/ch-225.json	9936	cadbf47a3020b0f8ac2af6c1aa76eae39d0fae71b9b505570a578c33292048a3
data/source/chapters/ch-226.json	9665	eea9f9876f2a64683e18da1b0c3440db2bbfbf8e65f6ca89d2dd13eba512ef9a
data/source/chapters/ch-227.json	9817	2995b99526d72e95e05c877c874f880446bf734066f91142a586d0418df0c133
data/source/chapters/ch-228.json	10691	3cd6a27267b023b3a038755f434be2876a88922b25e309856dbdce01ec6a2cee
data/source/chapters/ch-229.json	9539	fee3d5a1c24c2614ab87f50640ab9c980e0ffb75a3436c0bb34081297c7dbf96
data/source/chapters/ch-230.json	10326	ac48c4105ae14684aa1b1c096e59f21b7f11945e7b42d7c27fa5126022942d9c
data/source/chapters/ch-231.json	10237	8cc941374bb129a3cab064b14c1cf09efbdd5bf8dc2bf0d188a7685662367885
data/source/chapters/ch-232.json	9936	3be7611f62338a30ab200a91455cae54dd7912a95f484ffc509197aeb8f2909d
data/source/chapters/ch-233.json	11563	846bced1292ac6f286da28366ac4b9df87bd3f34356bffaab0e59df79e6f5534
data/source/chapters/ch-234.json	11734	e0646692afcfbd5b90116b95ba826f767662c19070a8ee70ba345649b13cf3ee
data/source/chapters/ch-235.json	8813	e8334c4f773409182242c3b3ec5349231f0fc5bdfafd8cb8ccf58e67aa746766
data/source/chapters/ch-236.json	9415	cdd5441e59c11a1a0882e4a851b7f66e780914302ff01d1e81f68fe5b0d37f63
data/source/chapters/ch-237.json	7663	acf3054ad5233d9b85d7bd40cb2e74e88c89dac913f21ad41f4ae98a171d7c2d
data/source/chapters/ch-238.json	8711	6433019cc17a59cfeb85a36bf67655d3919aaf38b3dde4e2fa4d81b8458c8caf
data/source/chapters/ch-239.json	11313	c3fa4c1b64903d19f1769ccbe636fc10d47fd683e8cbb58587a1255b3ad62549
data/source/chapters/ch-240.json	11387	ebc006b105a90c61e0a503c38c166964a509ccfd2587060c9160bd3aecfcf83e
data/source/chapters/ch-241.json	8250	c5487a247f8df8929f83b7f9839c635f06d92b3a6c035d71761eaca5c1d9d06f
data/source/chapters/ch-242.json	7582	364b9df64427aa5c23877acc1ea12b28c0aeb07c85e347c1eb4de3f754d5cdde
data/source/chapters/ch-243.json	10085	d12d2e0e5bccaaf553482874478ee4e47c4cea3e96d1e832ba64b266efa332dd
data/source/chapters/ch-244.json	17255	54d8ea329c7b7f4778050974f7015fc7b3ea71995a90702b995c9a161e0cf0e4
data/source/chapters/ch-245.json	9599	621137a488957e6bffcfd0c15794aa909979d52b51ace301abaf20a662b24fab
data/source/chapters/ch-246.json	11573	0cb55b20bbf652caa3eb7aea4e90bbc29a233e1333f92fd8a8e67d8f16d4d3a7
data/source/chapters/ch-247.json	8454	b5c4d72756ba86a4a0dfea11177cda411c64ce5bf01a875a03124fa1f70e7857
data/source/chapters/ch-248.json	11003	629d038ed387ced9f2d88f3cf43ab9420c7e5abd756a2d8be9c4ed6423e5baa7
data/source/chapters/ch-249.json	10139	a8c28f8c18dd8c28bc1cda8a63703b2c0e8c6096e26767decddabb787da2f194
data/source/chapters/ch-250.json	12082	c817f17a95b1cbddbbe5ca014f822b40df28a58a0a9f245e43fc8ffc8390e476
data/source/chapters/ch-251.json	11177	c203473a7eccb3d7de7f766dab22127a31bb322217ca0a15be37111c2202f0c0
data/source/chapters/ch-252.json	10295	7982a05f68909a87679fa3cb62593d7d3e504d22afbca6762569f4fa740171ce
data/source/chapters/ch-253.json	8695	94c6b81b6497a359a49fa03b071a039a688a00f26b9291e00f87c766bbd5b252
data/source/chapters/ch-254.json	9328	145ba04a83f3866029104f9e7da9f98fb008c3637088854cb90b7bde585f48f2
data/source/chapters/ch-255.json	11902	9bb79b2c3e772ebbaa67d56cff7d4fc77758b74f1da7f6da3fc954776a37e2de
data/source/chapters/ch-256.json	8406	9378dc9de21c398dbe00a5254dd1ec6d961abb2ae47f8e367f8612d167e1a597
data/source/chapters/ch-257.json	9945	57273e7d0fdc5e27c3c12afb62ad6875993c3dd3fd4858d25fc386a1d7110821
data/source/chapters/ch-258.json	11945	2ef6aab66d71054d47609d4368e733cf10b0e27b7d16aff6eb238e8fc504c4df
data/source/chapters/ch-259.json	9396	1254484d74a447b46fdf0172a344efd06f7c2b5d7660e1c189051b20229ee748
data/source/chapters/ch-260.json	8031	341dd1cf26e2def0db3ded210be72f8bb6b18820c6333a07c5ea4d6ad111abd0
data/source/chapters/ch-261.json	11834	28f22fefeed77cc3e21aac1b4709835c1fd8535b22091f93ea4206233ce5832b
data/source/chapters/ch-262.json	9617	5d7e8a14ef4844977e45eb9f740c84a2ce0a1888f6d80faf463e5e323e4caeb8
data/source/chapters/ch-263.json	9707	d516371a87316391555868469cc34f3376290c8616792f4ff1223adf0391cda7
data/source/chapters/ch-264.json	8948	d6a43b4b7fe7a383a4a910d27b3bb20084ade02a6cdd6227372f9d40ccb98931
data/source/chapters/ch-265.json	9649	d8a911b55874bce25cf42ace9b88de28639191017ba92869adf9381db85102e7
data/source/chapters/ch-266.json	8491	81cb300d1d779202235d419e08a9c87bd15d12ef13ae75754f6d5f91a13b56c8
data/source/chapters/ch-267.json	11740	328caaa076399553bd864134e97bc9de259daea00d29cf51591cd7aaeba74881
data/source/chapters/ch-268.json	9940	4b16c94288a07773e2be86ed0a2b692dca7649dd139020072214fb786a18d69b
data/source/chapters/ch-269.json	14887	21d037a9265e31d54418157e3a9723f7858f9e41ff229266071fec89e48d323d
data/source/chapters/ch-270.json	10645	d26a5459eef82814dcb575261727fbe875ccb96aa8e6c1373a847fcec5bc9b81
data/source/chapters/ch-271.json	12704	78f847a1bd7d5aab1bd42db9804e37c9abdd6654887b59a60c745ab2bfa335a6
data/source/chapters/zero-01.json	4622	9f5c8d8e5455a3003acf943186232e4b0ef11344a4f0b55efa0629633cf4f1ee
data/source/chapters/zero-02.json	4889	47586037dc58f3e0cb59290b8dd54baa867864073456412b48fcedb1a9ad2977
data/source/chapters/zero-03.json	6217	3287b160db01074550b27e5d235989fcba9097cd828a0a1ef46bd7a2d7599e30
data/source/chapters/zero-04.json	5884	f334392ee6c701a085074ef248ab65bdabd72ee603b9b46d3474bcc728ad6e64
data/source/characters.json	510250	1c046e323b972d26d78b8725c17671783613ab275518452d8f51b673e0b0d149
data/source/official_chapter_master.csv	32960	b2f0fc1d2acf680d66b2ea684f229bad883945d921dde8117cef6a250afd77d7
data/source/overall.json	1898	903c83a0161037dd871be4eff533871730fa536a935f1d313919b1a30cf0019a
data/source/reference/db_sections_draft.json	2072	b4a10086111095eece7716ea000e19571eb619719c11dfe678eec1e3ab1222c4
data/source/reference/official_groups.json	1089	7cc1eb7d9155c8171c3b008492ab85c278b88d6a88bb9f6f1f4a0ea8d5b7a711
data/source/reference/sources_registry.json	52029	bc65ac0468e71b013ac22aca9d4dac090421b4172cc47baa7c280d700a3cd003
data/source/reference/supplements_official_master.json	1211	5f0dbcf532ee941789da36ae8d8a65def5b3b861a5b71706e4c0ebad51354802
data/source/sources_registry.json	52029	bc65ac0468e71b013ac22aca9d4dac090421b4172cc47baa7c280d700a3cd003
data/source/supplements.json	2897	3901b7450e09eb2da1c1731508ac181417dfc3f77dad30bfbf0b0723556de0d2
data/source/techniques.json	280773	b40eca9bcae9ed9d14d8185f0305b508040c21579b27050cb2d11f3b992a3f87
data/source/terms.json	116139	dca4f40212d0d98896f1bea55426744ae1c38e702510b20d1973def41f28fc85
docs/DATA_SCHEMA.md	920	f009f603d4ee843a9568bb4a4fec0005bb2d3c775e4028e17a8718846c73f7df
docs/EDITING_GUIDE.md	1223	c05189e4092d2a09d31ef41d34f41fd593ef8ad1701d0ef945a6dec40af1e014
docs/FILE_STRUCTURE.md	2307	178f208a444ff6e5f711f1d092136b1ddbe6884d922fd4bcea531299f5193efb
docs/SOURCE_POLICY.md	2856	f0b2645a4afaa139aef9d348bc6c7463a81fb5a7d65159a90438562cb68c619e
docs/audit/CURRENT_STATUS.md	311	0da7e18a62149ed564a9838ac4cf62764a34125d759adc6e12a3c4c6e14fcd5c
docs/audit/FINAL_COMPLETION_REPORT.md	1760	78e8ae1941fbf70eae4b16e08b10e8d009981e70bd7e22b6670800c32bb6a9cd
docs/audit/INDEPENDENT_AUDIT_PHASE11.md	754	33aa28f877199476342cf9b96fb40a3a2fe43601e7d04509c3fbae46baa98500
docs/audit/PHASE11_REPORT.md	863	9f4b86ab209ffaf33d2f4c3f9f351308b5ac443837eb91d7471ec4855650f2ce
docs/audit/QA_REPORT.md	150	c49100e17cec5e9f72e97e4353d5f4b6f4c05fd3dfa3946d6608a6d518ac25fb
docs/audit/SOURCE_POLICY.md	1908	19aa0f3fe29c47489257c3341660438ab6786664607dec572c4fec9dc7f15e4b
docs/history/DATA_DIFF_PHASE10.csv	3136	4aac5522ead18f829872a542c4520e56affc24ea60759575b33adcacca2f4286
docs/history/DATA_DIFF_PHASE11.csv	5339	5da7522431377da8a1255ee2ec5e7afde57a9cf87acc705330aadd922490b648
docs/history/DATA_DIFF_PHASE2.csv	1532	b7ea63f6edff7d2b923d8ce5db65c3e5fc3f557414308f0c2f27c8508159ca7d
docs/history/DATA_DIFF_PHASE3.csv	3004	1a9ee63b76d7f7c27bfa438d32c558e06f318c7df9028ff1c55cfe1a7ed69a8c
docs/history/DATA_DIFF_PHASE4.csv	1272	0bf431b66099f2c6e40325a22634d904a00e7484115c12bdaf56f686437184e3
docs/history/DATA_DIFF_PHASE5.csv	1544	5c7dc2b329dc3e19448f196e68f888b393ed810b35a162deaa8cbba4cb511ae9
docs/history/DATA_DIFF_PHASE6.csv	2047	06b41fb194f6ae44ea83ac693e2af6d53ce75949b19e27f7996cf1f62242637e
docs/history/DATA_DIFF_PHASE7.csv	1461	38ac3f039751453266637e561b3cb18d5b9074ee4b597b516e13c4e6976bed14
docs/history/DATA_DIFF_PHASE8.csv	1933	dd154c61743940564c4e690a90cf9366d3a6f0ac66b487bb0c9363243bfcd21d
docs/history/DATA_DIFF_PHASE9.csv	2033	29b1313432ad7ef39dddb1e080df08e537198c85fe386e33dcd262622eb20bdc
docs/history/PHASE10_REPORT.md	1090	a9be7fe2c10f745ac98b80b7691a59ad180f40852168510e418ae1977abdaf4d
docs/history/PHASE11_REPORT.md	863	9f4b86ab209ffaf33d2f4c3f9f351308b5ac443837eb91d7471ec4855650f2ce
docs/history/PHASE1_REPORT.md	2686	a1e1d76b41cb9a6f4eadf0b5cb888a3911f541e2b88890e066ae86bfc61911a8
docs/history/PHASE2_REPORT.md	1304	6d7cb5ebcf4461091f9d354e5e316366130c694c8befbf3c32dcbf95c4ff8244
docs/history/PHASE3_REPORT.md	599	207d7beb02febbcacfbea2fca62e382dc3c45b05af07a7bb832e28e589e985f9
docs/history/PHASE4_REPORT.md	664	de72bc2a3b07dff0ba046011536824b9b1c42e44e7dc56932a6175c6ba7eba19
docs/history/PHASE5_REPORT.md	736	1a7b56f406b4fb18b529b540b36e40a6939ebe671a2ab28a245f73b1e69cdd24
docs/history/PHASE6_REPORT.md	968	5c1bd6149d516adf3086f8784fd576a9c4100547d7734dfb964c83660f15ebf4
docs/history/PHASE7_REPORT.md	979	9f8b4570f63f5e1a64695f1ca6dd6c1ecc582b19fa7cdc0023e8873de78ec151
docs/history/PHASE8_REPORT.md	1062	c798d85642fe45eb1d484666501fa3dde67af8d4c0299bba4cef0db4798662dc
docs/history/PHASE9_REPORT.md	1080	db07695c768eeacc9dfb23a846fcc2008adb5bc5bc69a32a69c31b605a1cc08a
index.html	1961	e5c86b9c0ad106efd6d0b8f75fd863930cdb2afe40fad79a181e0d8127bacd66
reports/DATA_QUALITY_AUDIT.md	1491	89119dc0e0409d1e79abd55f563d3f7b58bf413eb5ca5a2d9eabc5b5aa5b4aed
reports/FULL_UI_AUDIT.md	646	24c14acb8fedcf6d81c52e7630ece93b2c969bd976df0785a06abcce573ccd44
reports/PERFORMANCE_AUDIT.md	2795	ebd3cdb5774501b3cf9c2fd089729ba880c35cb17f5fabc543fb1425f0800728
reports/chapter_qa.json	443	2feb8ca931a69dd97098865126eea1a6206b9f88fcfca38ebcccd5390aac2f2c
reports/data_quality_audit.json	209534	91698ce67d9e521bfd329fc5c0715670418205fb88cdbb869adc052a92fc3382
reports/data_quality_issues.csv	90750	07dfe153936b128e78536dba63680996b13a05c0f791493d98ea71a129a52578
reports/full_ui_audit.json	1445	2e6501e232def4e3f12a4745c35caa39dd26cd27f640c8459dc99d36dc1e1a02
reports/jsdom_interaction_audit.json	3421	b19fbf3286c11c90a73da835cfaa46a82adb1dffc0a11f82728dbc46f94f3970
reports/jsdom_page_load_audit.json	960	3fc91d8a2e9d39dd843a963c3900d8b1302666bacb3021229969860e5f52405a
reports/performance_payload.json	3717	33bfc3148ef1c4b508f457fd132c5412ed487a0e7be28d32056f7faaf90608a3
reports/phase11_corrections.json	1889	360cfe08b2222fc52a7749e87b4ab4f951384ccc3af0cc82a0a98328df3ae8e4
reports/semantic_risk_report.json	707	d9796f6881c50b36dfb7152a60ee0903aa9600ccc9143b97056e7b2690723508
sources.html	1640	c0df1c8d20ca8126cde50eb4a2dd258248e44a4c2d6dcd62c3cfd384a6335479
status.html	1154	9f5a7c826e0a6213a22f03c94ce0699eefa864640950656dd8254175428f147d
supplements.html	1390	71c26409a00fd67a7a6bce5e622e2bbbea8848d00f8a2b28a3984649b5260423
techniques.html	1598	42f89efb50ba9f1ee28f25666eb3d92bc526888235b66217499cb0fe07c65612
terms.html	1576	14223eed93a6f74d203b8c366fe821b96aaa98b6a49bd7edb8fd8b82d3e4767a
tools/audit_data_quality.py	9806	64dd35791ff080e831969e51ed9fe5d0540c02e43806aecc4a120acbc8b6f344
tools/build_site.py	14803	81b8f73ae154b0f5d122c55b305e0316d8caf3663eaa6f626383f65d10d7fbac
tools/make_manifest.py	534	b63d491b5e5a5b946d590ee6c4f16781a75c2e9dff0d632e59b5a21182e5b6f0
tools/package_site.py	521	5253d5aec246716a9652a30a096ee2a92b57d757a483c870e27ce52ac085c4df
tools/serve.py	283	2bb71c5679f9f984c4853ae9a1242d6daabb3c7e2943a5373b4355d1c1c91fe4
tools/validate_site.py	8685	0ab0046ced3d9fda7ca020853cf0a5346a648c4a2398e0e201e558518e260cac
